shots,precision,recall,fscore
7,0.7159090909090909,0.5291666666666668,0.4892857142857143
